{"Bookings":[          
    {"name":"Shyam",
     "email":"shyam23@gmail.com",
     "bookingdate":"20April",
 	 "bookingtime":"10:00-11:00", 	 	
 	 "bookedAtDate":"10:00-11:00"},
 	 {"name":"John",
     "email":"john@gmail.com",
     "bookingdate":"15April",
 	 "bookingtime":"10:00-11:00",
 	 "bookedAtDate":"10:00-11:00"},
 	 {"name":"Bob",
     "email":"bob32@gmail.com",
     "bookingdate":"04April",
 	 "bookingtime":"10:00-11:00",
 	 "bookedAtDate":"10:00-11:00"},
 	 {"name":"Ram",
     "email":"ram@gmail.com",
     "bookingdate":"27April",
 	 "bookingtime":"10:00-11:00",
 	 "bookedAtDate":"10:00-11:00"}     
]}